892420643555336193,6983,33732
892177421306343426,5285,29267
891815181378084864,3469,21998
891689557279858688,7202,36823
891327558926688256,7734,35199
891087950875897856,2590,17758
890971913173991426,1652,10338
890729181411237888,15710,56686
890609185150312448,3610,24459
890240255349198849,6087,27873
890006608113172480,6130,26977
889880896479866881,4149,24514
889665388333682689,8323,41935
889638837579907072,3705,23593
889531135344209921,1877,13320
889278841981685760,4430,22037
888917238123831296,3753,25555
888804989199671297,3519,22403
888554962724278272,2870,17274
888554962724278272,2870,17274
888078434458587136,2889,19110
887705289381826560,4526,26548
887517139158093824,9827,40618
887473957103951883,14986,60040
887343217045368832,8795,29507
887101392804085760,4975,26910
886983233522544640,6296,30291
886736880519319552,2622,10481
886680336477933568,3726,19683
886366144734445568,2620,18516
886267009285017600,4,105
886258384151887873,5268,24467
886054160059072513,93,0
885984800019947520,5597,28536
885528943205470208,5316,31537
885518971528720385,3102,17964
885311592912609280,15397,0
885167619883638784,3660,19203
884925521741709313,14977,67052
884876753390489601,4654,24319
884562892145688576,3902,21276
884441805382717440,4783,23808
884247878851493888,16864,63088
884162670584377345,2496,17906
883838122936631299,2854,19110
883482846933004288,8242,40097
883360690899218434,3064,19904
883117836046086144,5518,32434
882992080364220416,3233,20931
882762694511734784,4083,24731
882627270321602560,5049,24540
882268110199369728,9601,39101
882045870035918850,4072,25652
881906580714921986,2844,21398
881666595344535552,8928,44438
881633300179243008,8,113
881536004380872706,13368,43339
881268444196462592,4486,20437
880935762899988482,2329,15012
880872448815771648,3195,18671
880465832366813184,5206,24962
880221127280381952,3456,23601
880095782870896641,3642,24269
879862464715927552,2916,19658
879674319642796034,9,280
879492040517615616,2625,20664
879415818425184262,37305,92622
879376492567855104,2639,14820
879130579576475649,5726,0
879050749262655488,3943,19763
879008229531029506,2238,16738
878776093423087618,3425,17089
878604707211726852,5911,26379
878404777348136964,1073,0
878316110768087041,5515,0
878281511006478336,1073,6764
878057613040115712,5726,37067
877736472329191424,15762,69049
877611172832227328,70,0
877556246731214848,3162,19857
877316821321428993,4334,24081
877201837425926144,4615,23810
876838120628539392,2799,18178
876537666061221889,3963,21000
876484053909872640,1993,16527
876120275196170240,3895,24638
875747767867523072,3570,22056
875144289856114688,4141,19384
875097192612077568,5105,24204
875021211251597312,3961,22504
874680097055178752,3912,24545
874434818259525634,12178,0
874296783580663808,3476,22917
874057562936811520,3371,20077
874012996292530176,8573,30063
874012996292530176,8573,30063
873580283840344065,3338,21337
873337748698140672,1327,0
873213775632977920,1327,6309
872967104147763200,4549,24008
872820683541237760,3163,13041
872820683541237760,3163,13041
872620804844003328,3062,18289
872486979161796608,7699,36031
872486979161796608,7699,36031
872122724285648897,6817,30148
871879754684805121,9222,33009
871762521631449091,2963,17846
871515927908634625,2930,17861
871166179821445120,4881,0
871102520638267392,4662,18500
871032628920680449,3217,20128
870804317367881728,5271,29736
870726314365509632,3,105
870656317836468226,2198,10874
870374049280663552,22701,73814
870308999962521604,3542,19445
870063196459192321,7060,32344
870063196459192321,7060,32344
869772420881756160,8675,37920
869702957897576449,5374,25000
869596645499047938,2629,14157
869227993411051520,3193,18096
868880397819494401,12228,57803
868639477480148993,1748,0
868622495443632128,4451,23598
868552278524837888,1748,8951
867900495410671616,3561,21554
867774946302451713,6239,30196
867421006826221569,2110,14317
867072653475098625,101,0
867051520902168576,6764,28651
867051520902168576,6764,28651
866720684873056260,4125,17843
866686824827068416,2963,17084
866450705531457537,30119,108617
866334964761202691,12178,46493
866094527597207552,7148,0
865718153858494464,4832,22880
865359393868664832,4278,23539
865006731092295680,6650,24992
864873206498414592,7487,28798
864279568663928832,2575,13050
864197398364647424,7574,26592
863907417377173506,3581,18397
863553081350529029,3623,13655
863471782782697472,2090,0
863432100342583297,4548,21255
863427515083354112,80,1957
863079547188785154,952,7878
863062471531167744,2090,7514
862831371563274240,4451,17189
862722525377298433,3084,15307
862457590147678208,4237,18241
862096992088072192,19939,66077
862096992088072192,19939,66077
861383897657036800,9249,32229
861288531465048066,3581,15316
861005113778896900,3328,14969
860981674716409858,1853,0
860924035999428608,676,0
860563773140209665,1853,6712
860524505164394496,4594,21206
860276583193509888,3061,16547
860184849394610176,5112,14994
860177593139703809,26680,0
859924526012018688,3576,17592
859851578198683649,3064,13955
859607811541651456,1362,16804
859196978902773760,26211,80282
859074603037188101,11940,30369
858860390427611136,7069,0
858843525470990336,3022,14091
858471635011153920,4250,19457
858107933456039936,2535,14210
857989990357356544,2263,14474
857746408056729600,9327,30748
857393404942143489,1438,5305
857263160327368704,3969,18220
857214891891077121,16,204
857062103051644929,148,0
857029823797047296,3480,17011
857029823797047296,3480,17011
856543823941562368,2544,14807
856526610513747968,1651,10815
856526610513747968,1651,10815
856288084350160898,15,485
856282028240666624,5570,25177
855862651834028034,21,302
855860136149123072,851,4403
855857698524602368,1857,10844
855851453814013952,16106,41844
855818117272018944,4802,24249
855459453768019968,7293,27050
855245323840757760,5258,0
855138241867124737,36,0
854732716440526848,5339,20639
854482394044301312,6008,26531
854365224396361728,4142,17182
854120357044912130,6584,29163
854010172552949760,2787,14817
853760880890318849,5112,26040
853639147608842240,8862,31506
853299958564483072,3168,14149
852936405516943360,1785,0
852912242202992640,1597,8247
852672615818899456,1908,13628
852553447878664193,3113,14885
852311364735569921,8866,30323
852226086759018497,6081,18315
852189679701164033,1417,10566
852189679701164033,1417,10566
852189679701164033,1417,10566
851591660324737024,3124,14934
851464819735769094,6301,22237
851224888060895234,5166,19020
850753642995093505,8067,28111
850380195714523136,2327,12063
850333567704068097,301,3185
850145622816686080,3391,15023
850019790995546112,4366,18762
849776966551130114,6809,27884
849668094696017920,4441,0
849412302885593088,2829,14664
849336543269576704,1688,10544
849051919805034497,7611,38956
848690551926992896,3916,23245
848324959059550208,4138,22805
848213670039564288,645,7534
848212111729840128,2715,15021
847978865427394560,2919,0
847971574464610304,394,0
847962785489326080,4570,21712
847842811428974592,1188,5008
847617282490613760,376,6466
847606175596138505,3080,17333
847251039262605312,3913,18943
847157206088847362,5249,18353
847116187444137987,2873,19862
846874817362120707,3547,18601
846514051647705089,10371,41129
846505985330044928,2758,13052
846153765933735936,8164,29065
846139713627017216,9160,28776
846042936437604353,2586,14794
845812042753855489,7854,26976
845677943972139009,4373,23393
845677943972139009,4373,23393
845397057150107648,1620,7076
845306882940190720,4853,21603
845098359547420673,6936,0
844979544864018432,2309,12658
844973813909606400,2850,13923
844973813909606400,2850,13923
844580511645339650,2813,15281
844223788422217728,1991,12695
843981021012017153,2699,14096
843856843873095681,4169,19949
843604394117681152,2478,15685
843235543001513987,5401,19951
843235543001513987,5401,19951
842846295480000512,3317,14206
842765311967449089,1176,6294
842535590457499648,3176,16894
842163532590374912,5258,22705
842115215311396866,2756,13022
841833993020538882,13562,0
841680585030541313,7151,24021
841439858740625411,3321,11719
841320156043304961,5017,18400
841314665196081154,4234,14745
841077006473256960,4881,21321
840761248237133825,1622,0
840728873075638272,14582,0
840698636975636481,2,163
840696689258311684,890,11470
840632337062862849,1622,8418
840370681858686976,4176,15316
840268004936019968,5209,17882
839990271299457024,2066,12517
839549326359670784,7069,25550
839290600511926273,132,0
839239871831150596,5933,25205
838952994649550848,3662,18342
838921590096166913,1854,10409
838916489579200512,31,0
838831947270979586,10019,0
838561493054533637,1231,10244
838476387338051585,4340,20943
838201503651401729,9182,0
838150277551247360,303,1567
838085839343206401,1,134
838083903487373313,2840,16437
837820167694528512,7148,31803
837482249356513284,407,3602
837471256429613056,2061,11971
837471256429613056,2061,11971
837110210464448512,2177,15050
837110210464448512,2177,15050
836989968035819520,2111,11937
836753516572119041,4262,18104
836677758902222849,2022,11821
836648853927522308,508,0
836397794269200385,25062,0
836380477523124226,2745,13894
836260088725786625,3978,19931
836001077879255040,3889,17865
835685285446955009,7416,0
835574547218894849,3298,16632
835536468978302976,1540,0
835309094223372289,19148,0
835297930240217089,2738,15426
835264098648616962,1540,7231
835246439529840640,63,1990
835172783151792128,5290,24540
835152434251116546,2759,20919
834931633769889797,1490,10097
834786237630337024,5106,20186
834574053763584002,2313,12799
834477809192075265,9762,0
834458053273591808,1547,9023
834209720923721728,4324,19237
834167344700198914,3361,14810
834089966724603904,1963,9432
834086379323871233,2038,12224
833863086058651648,2210,12601
833826103416520705,3488,17061
833732339549220864,206,0
833722901757046785,2997,19654
833479644947025920,1888,13984
833124694597443584,4441,18964
832998151111966721,2013,12416
832769181346996225,38,0
832757312314028032,3317,15823
832682457690300417,2666,11136
832645525019123713,484,2735
832636094638288896,2560,14870
832397543355072512,2036,11229
832369877331693569,2919,16070
832273440279240704,2145,10634
832215909146226688,5717,0
832215726631055365,8583,0
832088576586297345,2,58
832040443403784192,8817,0
832032802820481025,4296,16755
831939777352105988,5652,22459
831926988323639298,34,319
831911600680497154,5968,25819
831670449226514432,1688,9773
831650051525054464,1785,6675
831552930092285952,2161,8443
831322785565769729,1442,8755
831315979191906304,1036,6171
831309418084069378,2264,11082
831262627380748289,1887,11142
830956169170665475,1374,7495
830583320585068544,15397,62313
830173239259324417,5239,0
830097400375152640,2694,9139
829878982036299777,4597,0
829861396166877184,1793,11500
829501995190984704,9762,29851
829449946868879360,1861,9865
829449946868879360,1861,9865
829141528400556032,6761,22873
829011960981237760,15085,50202
828801551087042563,3157,0
828770345708580865,5391,24053
828708714936930305,10314,34204
828650029636317184,1234,8936
828409743546925057,1079,6031
828408677031882754,1185,7240
828381636999917570,2056,11845
828376505180889089,993,6974
828372645993398273,2723,11844
828361771580813312,165,2067
828046555563323392,2651,11037
828011680017821696,1984,9759
827933404142436356,4825,18818
827653905312006145,2791,14566
827600520311402496,864,7055
827324948884643840,2803,14931
827324948884643840,2803,14931
827199976799354881,2060,9991
826958653328592898,4597,20275
826848821049180160,9318,33993
826615380357632002,3676,0
826598799820865537,230,4848
826598365270007810,2174,9425
826476773533745153,3890,17344
826240494070030336,2414,12502
826204788643753985,855,4591
826115272272650244,2867,14718
825876512159186944,1735,9901
825829644528148480,2329,11995
825535076884762624,16328,53866
825147591692263424,4168,17227
825120256414846976,1166,0
825026590719483904,1166,5891
824796380199809024,5090,0
824775126675836928,3265,14028
824663926340194305,1640,9922
824325613288833024,9868,11157
824297048279236611,3561,14190
824025158776213504,556,4569
823939628516474880,2527,10038
823719002937630720,10335,0
823699002998870016,2333,13194
823581115634085888,2437,12234
823333489516937216,22,660
823322678127919110,3713,14794
823269594223824897,9200,0
822975315408461824,3197,16341
822872901745569793,39844,123768
822859134160621569,2107,12425
822647212903690241,5945,0
822610361945911296,2725,13937
822489057087389700,5945,17069
822462944365645825,13111,26239
822244816520155136,9200,33047
822163064745328640,4369,0
821886076407029760,2135,10654
821813639212650496,3121,0
821765923262631936,1556,7886
821522889702862852,1628,7556
821421320206483457,5120,0
821407182352777218,3984,11074
821153421864615936,9,234
821149554670182400,1822,8083
821107785811234820,1967,9053
821044531881721856,2121,11926
820837357901512704,6229,0
820749716845686786,9182,29769
820690176645140481,2996,11569
820494788566847489,521,0
820446719150292993,2388,0
820314633777061888,521,3149
820078625395449857,5774,18607
820013781606658049,1081,0
819952236453363712,1081,5012
819924195358416896,4533,12202
819711362133872643,2867,12580
819588359383371776,1866,9135
819347104292290561,1115,6812
819238181065359361,379,2134
819227688460238848,6229,21747
819015337530290176,34481,0
819015331746349057,17760,0
819006400881917954,17760,42914
819004803107983360,34481,82483
818646164899774465,19408,0
818627210458333184,7047,21175
818614493328580609,2349,9285
818588835076603904,5680,0
818536468981415936,2265,10243
818307523543449600,7443,0
818259473185828864,2077,10391
818145370475810820,2364,11597
817908911860748288,739,4596
817827839487737858,25062,48493
817777686764523521,2519,10205
817536400337801217,2723,11089
817502432452313088,3136,0
817423860136083457,13562,31781
817415592588222464,886,5278
817181837579653120,7848,0
817171292965273600,1865,8291
817120970343411712,2408,11524
817056546584727552,1512,8118
816829038950027264,4380,0
816816676327063552,1888,9452
816697700272001025,2051,9218
816450570814898180,7443,28622
816336735214911488,1798,8153
816091915477250048,1980,8467
816062466425819140,944,0
816014286006976512,4869,0
815990720817401858,944,4681
815966073409433600,7848,21083
815745968457060357,3850,0
815736392542261248,2116,9288
815639385530101762,1550,7800
815390420867969024,3564,9792
814986499976527872,1185,7241
814638523311648768,2522,10666
814578408554463233,5451,0
814530161257443328,1740,8199
814153002265309185,8095,27189
813944609378369540,2949,0
813910438903693312,1728,8823
813812741911748608,13010,34543
813800681631023104,1645,7867
813217897535406080,6839,17636
813202720496779264,1703,8751
813187593374461952,4040,18776
813172488309972993,1805,8779
813157409116065792,2063,7357
813142292504645637,2239,8068
813130366689148928,418,4253
813127251579564032,2914,11183
813112105746448384,2558,9770
813096984823349248,3379,10006
813081950185472002,2591,9407
813066809284972545,1823,7525
813051746834595840,6834,19888
812781120811126785,1784,7137
812781120811126785,1784,7137
812709060537683968,1351,6279
812503143955202048,1148,5740
812466873996607488,1797,7555
812372279581671427,3418,12910
811985624773361665,1308,6897
811744202451197953,1470,7145
811647686436880384,681,5312
811627233043480576,2847,12048
811386762094317568,5967,19819
810984652412424192,1329,5043
810896069567610880,1641,8519
810657578271330305,2464,10409
810284430598270976,10482,33253
810254108431155201,3157,13942
809920764300447744,3676,14759
809808892968534016,4567,0
809448704142938112,1365,6595
809220051211603969,5239,18842
809084759137812480,3293,12537
808838249661788160,2861,9636
808733504066486276,2031,7481
808501579447930884,2452,10741
808344865868283904,19408,40092
808134635716833280,5499,0
808106460588765185,2062,8368
808001312164028416,3300,11825
807621403335917568,3378,13824
807106840509214720,51532,111360
807059379405148160,6878,0
807010152071229440,3625,12440
806629075125202948,32296,70440
806620845233815552,5132,0
806576416489959424,1822,4654
806542213899489280,2215,9717
806242860592926720,10857,0
806219024703037440,1132,6128
805958939288408065,5004,0
805932879469572096,1797,7879
805826884734976000,1713,6223
805823200554876929,7454,0
805520635690676224,1549,5467
805487436403003392,2374,8337
805207613751304193,1624,7465
804738756058218496,3594,12961
804475857670639616,1888,5825
804413760345620481,3001,0
804026241225523202,15007,41958
803773340896923648,2583,9533
803692223237865472,6914,0
803638050916102144,3882,10361
803380650405482500,1765,7379
803321560782307329,4945,0
803276597545603072,2295,9522
802952499103731712,1871,8560
802624713319034886,2720,0
802600418706604034,1379,6751
802572683846291456,2352,8501
802323869084381190,5468,15314
802265048156610565,1293,6609
802265048156610565,1293,6609
802239329049477120,2455,8626
802185808107208704,250,0
801958328846974976,1593,7352
801854953262350336,219,1719
801538201127157760,1950,7796
801285448605831168,770,5730
801167903437357056,5499,23120
801127390143516673,3695,0
801115127852503040,1983,7664
800859414831898624,90,644
800855607700029440,1515,0
800751577355128832,2626,10078
800513324630806528,2822,12467
800459316964663297,2058,9030
800443802682937345,4016,0
800388270626521089,2632,10589
800188575492947969,3687,0
800141422401830912,2388,14483
800018252395122689,12285,26826
799774291445383169,4362,0
799757965289017345,2000,7951
799422933579902976,1798,7675
799308762079035393,5070,0
799297110730567681,2557,9372
799063482566066176,2339,7678
798933969379225600,4151,12399
798925684722855936,1357,7149
798705661114773508,6208,0
798701998996647937,7230,0
798697898615730177,6086,0
798694562394996736,4633,0
798686750113755136,2178,0
798682547630837760,4425,0
798673117451325440,5214,0
798665375516884993,3674,0
798644042770751489,1742,0
798628517273620480,1861,0
798585098161549313,5261,0
798576900688019456,5470,0
798340744599797760,3133,0
798209839306514432,2419,9911
797971864723324932,2886,10923
797545162159308800,4611,13844
797236660651966464,6153,18894
797165961484890113,24,212
796904159865868288,8344,0
796865951799083009,1826,7290
796759840936919040,2828,11197
796563435802726400,6720,0
796484825502875648,1650,7164
796387464403357696,3883,10440
796177847564038144,13340,0
796149749086875649,13340,30441
796125600683540480,1680,4728
796116448414461957,2248,8623
796080075804475393,2161,8013
796031486298386433,3497,10249
795464331001561088,21923,46687
795400264262053889,2680,9476
795076730285391872,5090,15313
794983741416415232,3150,0
794926597468000259,2155,9667
794355576146903043,9644,0
794332329137291264,2532,9107
794205286408003585,3108,8752
793962221541933056,4567,15875
793845145112371200,1742,8757
793614319594401792,2921,0
793601777308463104,1516,7556
793500921481273345,2229,10091
793286476301799424,8583,23303
793271401113350145,2244,8237
793256262322548741,7787,18903
793241302385262592,3067,9963
793226087023144960,2712,9267
793210959003287553,2602,8461
793195938047070209,5263,14423
793180763617361921,1860,6542
793165685325201412,2624,8882
793150605191548928,1593,5837
793135492858580992,2351,6065
793120401413079041,3678,12009
792913359805018113,3706,13555
792883833364439040,4001,10691
792773781206999040,1571,6985
792394556390137856,4010,12685
792050063153438720,1670,6771
791821351946420224,19654,0
791784077045166082,8876,0
791780927877898241,3551,0
791774931465953280,20716,42644
791672322847637504,2921,11118
791406955684368384,3850,12464
791312159183634433,2360,8302
791026214425268224,3804,0
790987426131050500,1985,9294
790946055508652032,4380,15835
790723298204217344,2141,0
790698755171364864,1802,7787
790581949425475584,6631,19518
790337589677002753,1764,7409
790277117346975746,2949,11878
790227638568808452,3302,0
789986466051088384,2141,8785
789960241177853952,3818,0
789903600034189313,3875,9769
789628658055020548,1643,7073
789599242079838210,1792,6365
789530877013393408,3150,11068
789314372632018944,2132,8185
789280767834746880,4586,0
789268448748703744,2441,8626
789137962068021249,2603,9214
788908386943430656,11691,26007
788765914992902144,9644,25852
788552643979468800,6646,0
788412144018661376,4915,14689
788178268662984705,1972,6873
788150585577050112,1197,5778
788070120937619456,3209,0
788039637453406209,1221,5780
787810552592695296,2838,8140
787717603741622272,2583,9693
787397959788929025,2664,10312
787322443945877504,1622,7372
787111942498508800,6289,0
786963064373534720,7416,25234
786729988674449408,2271,0
786709082849828864,5717,17338
786664955043049472,2360,10029
786595970293370880,2910,8953
786363235746385920,3214,10252
786286427768250368,2638,7545
786233965241827333,4369,14373
786051337297522688,147,1353
786036967502913536,6493,0
785927819176054784,2979,10788
785872687017132033,1669,6325
785639753186217984,2101,7442
785533386513321988,1836,8564
785515384317313025,1159,5770
785264754247995392,1515,6884
785170936622350336,4488,11332
784826020293709826,3001,9563
784517518371221505,2363,8471
784431430411685888,1183,5439
784183165795655680,7454,18921
784057939640352768,10335,28032
783839966405230592,10019,28321
783821107061198850,1824,6967
783695101801398276,2987,9851
783466772167098368,2075,7953
783391753726550016,5082,15953
783347506784731136,5136,0
783334639985389568,10857,27424
783085703974514689,2017,7716
782969140009107456,6878,22785
782747134529531904,1317,7055
782722598790725632,5004,16249
782598640137187329,1763,7374
782305867769217024,5120,15680
782021823840026624,5722,0
781955203444699136,3132,10537
781661882474196992,2519,9858
781655249211752448,1050,3770
781524693396357120,5132,19545
781308096455073793,2379,6731
781251288990355457,1924,7905
781163403222056960,2578,9261
780931614150983680,6720,20449
780858289093574656,1861,6785
780800785462489090,1200,5181
780601303617732608,3121,11401
780543529827336192,1624,5935
780496263422808064,3416,0
780476555013349377,103,0
780459368902959104,1001,4987
780192070812196864,2082,8197
780092040432480260,2128,0
780074436359819264,4562,11402
779834332596887552,6493,17720
779377524342161408,2878,8230
779124354206535695,16975,0
779124354206535695,16975,0
779056095788752897,4200,13850
778990705243029504,6642,18698
778774459159379968,9135,0
778764940568104960,337,819
778748913645780993,1205,6441
778650543019483137,1386,5409
778624900596654080,941,4333
778408200802557953,3999,12840
778396591732486144,11309,0
778383385161035776,1019,5502
778286810187399168,3055,9712
778039087836069888,2460,7965
778027034220126208,1490,6185
777953400541634568,3260,0
777885040357281792,1512,5981
777684233540206592,2720,10590
777641927919427584,3912,0
777621514455814149,2333,8198
777189768882946048,3976,13288
776819012571455488,12565,0
776813020089548800,1111,4599
776477788987613185,2551,8229
776249906839351296,8436,0
776218204058357768,14673,28033
776201521193218049,2332,9011
776113305656188928,4016,11087
776088319444877312,141,1712
775898661951791106,15487,0
775842724423557120,2459,11012
775733305207554048,3695,13044
775729183532220416,4270,12234
775364825476165632,2712,6933
775350846108426240,3620,9548
775350846108426240,3620,9548
775085132600442880,4362,14602
774757898236878852,1653,8121
774639387460112384,1613,6351
774314403806253056,5070,20487
773985732834758656,3580,10143
773922284943896577,1623,6042
773704687002451968,1495,6223
773670353721753600,1222,5042
773547596996571136,5680,20773
773336787167145985,4665,0
773308824254029826,6936,21948
773247561583001600,2998,8861
773191612633579521,3796,9366
772877495989305348,3573,8039
772826264096874500,2206,7560
772615324260794368,3112,0
772581559778025472,1583,6088
772193107915964416,1287,5667
772152991789019136,1049,3581
772117678702071809,686,3547
772114945936949249,440,2581
772102971039580160,865,3768
771908950375665664,1752,6175
771770456517009408,3133,11267
771500966810099713,2418,7770
771380798096281600,4665,9898
771171053431250945,6872,0
771136648247640064,2705,8586
771102124360998913,1328,5849
771014301343748096,1534,6467
771014301343748096,1534,6467
770787852854652928,1102,4607
770772759874076672,1322,4880
770772759874076672,1322,4880
770655142660169732,1666,6903
770414278348247044,1924,5934
770293558247038976,1353,5836
770093767776997377,2810,0
770069151037685760,2120,7124
769940425801170949,8817,29221
769695466921623552,1562,6033
769335591808995329,7118,0
769212283578875904,1597,5066
768970937022709760,5987,13361
768909767477751808,2434,0
768855141948723200,823,3921
768609597686943744,1097,3845
768596291618299904,1186,4734
768554158521745409,5375,0
768473857036525572,3153,12761
768193404517830656,3260,10175
767884188863397888,1265,4461
767754930266464257,4945,14954
767500508068192258,2145,7030
767191397493538821,3463,11504
767122157629476866,2637,9528
767122157629476866,2637,9528
766793450729734144,1255,4734
766714921925144576,346,2457
766693177336135680,730,3787
766423258543644672,1455,5626
766313316352462849,1731,6329
766078092750233600,2418,0
766069199026450432,771,3933
766008592277377025,458,3525
765719909049503744,1990,6791
765669560888528897,1130,4836
765395769549590528,3107,25067
765371061932261376,2000,6659
765222098633691136,3112,10893
764857477905154048,1646,6059
764259802650378240,1388,5624
763956972077010945,49,730
763837565564780549,3804,11725
763183847194451968,1356,5051
763167063695355904,2746,0
763103485927849985,2114,6914
762699858130116608,3302,11348
762471784394268675,5897,10503
762464539388485633,3818,9625
762316489655476224,1028,4494
762035686371364864,14264,29741
761976711479193600,1822,5033
761750502866649088,3583,0
761745352076779520,793,4008
761672994376806400,26679,46185
761599872357261312,1099,3877
761371037149827077,16625,0
761334018830917632,1337,4823
761292947749015552,1000,4176
761227390836215808,1443,4985
761004547850530816,3209,10624
760893934457552897,888,3570
760656994973933572,1748,6159
760641137271070720,1189,4669
760539183865880579,3335,7065
760521673607086080,1282,3918
760290219849637889,10552,25022
760252756032651264,797,3701
760190180481531904,1650,5345
760153949710192640,28,0
759943073749200896,1928,5521
759943073749200896,1928,5521
759846353224826880,1798,6283
759793422261743616,1760,5571
759793422261743616,1760,5571
759557299618865152,1102,4387
759447681597108224,2271,7931
759446261539934208,454,1560
759197388317847553,1802,5690
759159934323924993,1066,0
759099523532779520,3815,13587
759047813560868866,1846,6058
758854675097526272,840,3319
758828659922702336,3547,10459
758740312047005698,1497,5374
758474966123810816,913,3549
758467244762497024,2025,4472
758405701903519748,1759,4864
758355060040593408,961,3149
758099635764359168,9135,17679
758041019896193024,339,2527
757741869644341248,3018,6417
757729163776290825,7194,0
757725642876129280,1109,4249
757611664640446465,1007,4285
757597904299253760,278,0
757596066325864448,957,4062
757400162377592832,6300,14123
757393109802180609,1576,5435
757354760399941633,1298,4201
756998049151549440,1832,5869
756939218950160384,1833,6201
756651752796094464,1190,4696
756526248105566208,3294,9695
756303284449767430,1004,3683
756288534030475264,16279,41146
756275833623502848,1402,5967
755955933503782912,2625,6816
755206590534418437,4901,15268
755110668769038337,10170,19697
754874841593970688,7229,0
754856583969079297,2309,6427
754747087846248448,476,2413
754482103782404096,1790,4933
754449512966619136,672,3502
754120377874386944,2160,7370
754120377874386944,2160,7370
753655901052166144,1992,5447
753420520834629632,3233,7332
753398408988139520,1730,5355
753375668877008896,2128,7130
753298634498793472,5199,0
753294487569522689,956,3122
753039830821511168,19148,34537
753026973505581056,877,3651
752932432744185856,6289,11724
752917284578922496,1441,6493
752701944171524096,2614,0
752682090207055872,1457,5592
752660715232722944,1420,4068
752568224206688256,2079,5103
752519690950500352,3153,6850
752334515931054080,1006,3589
752309394570878976,14874,0
752173152931807232,1668,5537
751950017322246144,830,2844
751937170840121344,1195,4826
751830394383790080,1784,5434
751793661361422336,2614,5390
751598357617971201,2829,7395
751583847268179968,1002,4096
751538714308972544,1146,4707
751456908746354688,922,3005
751251247299190784,5382,11720
751205363882532864,1665,5892
751132876104687617,1183,4722
750868782890057730,1244,4457
750719632563142656,4586,12237
750506206503038976,1052,4131
750429297815552001,3912,12278
750383411068534784,1039,4261
750381685133418496,27,669
750147208377409536,874,2904
750132105863102464,1180,3360
750117059602808832,1207,4050
750101899009982464,777,2838
750086836815486976,492,2021
750071704093859840,3026,7232
750056684286914561,818,2951
750041628174217216,566,2959
750026558547456000,719,2523
750011400160841729,820,3002
749996283729883136,755,2830
749981277374128128,2275,4774
749774190421639168,1208,4347
749417653287129088,1511,5667
749403093750648834,491,2431
749395845976588288,3150,7952
749317047558017024,2044,5090
749075273010798592,1883,5355
749064354620928000,1405,4492
749036806121881602,729,2883
748977405889503236,3126,10009
748932637671223296,2057,5402
748705597323898880,876,2583
748699167502000129,1455,4406
748692773788876800,1227,3949
748575535303884801,1809,5624
748568946752774144,609,2039
748346686624440324,1119,4851
748337862848962560,3729,7051
748324050481647620,691,3449
748307329658011649,654,3440
748220828303695873,7102,13116
747963614829678593,1956,5371
747933425676525569,2354,6169
747885874273214464,880,2721
747844099428986880,677,2619
747816857231626240,1056,4496
747651430853525504,143,1270
747648653817413632,5318,11951
747600769478692864,521,2163
747594051852075008,949,3412
747512671126323200,1474,5121
747461612269887489,945,3585
747439450712596480,1751,5029
747242308580548608,2625,0
747219827526344708,1437,4887
747204161125646336,830,3121
747103485104099331,3621,8869
746906459439529985,271,2714
746872823977771008,1941,5557
746818907684614144,1593,4942
746790600704425984,1460,4522
746757706116112384,3551,8826
746726898085036033,1637,5622
746542875601690625,1744,4683
746521445350707200,900,0
746507379341139972,991,4337
746369468511756288,1485,5749
746131877086527488,2001,6382
746056683365994496,740,3319
745789745784041472,965,3658
745712589599014916,2126,6494
745433870967832576,2308,6530
745422732645535745,2196,7935
745314880350101504,2475,6602
745074613265149952,3183,7256
745057283344719872,2052,6742
744995568523612160,568,2733
744971049620602880,2440,7291
744709971296780288,1435,5222
744334592493166593,1930,6330
744234799360020481,70504,144449
744223424764059648,326,1529
743980027717509120,1004,3888
743895849529389061,877,3396
743835915802583040,1867,0
743609206067040256,1269,4150
743595368194129920,5954,16918
743545585370791937,861,3274
743510151680958465,3415,7397
743253157753532416,1119,3928
743222593470234624,1734,5726
743210557239623680,1236,3552
742534281772302336,3278,6548
742528092657332225,1793,4095
742465774154047488,3594,6739
742423170473463808,3416,9075
742385895052087300,1776,6281
742161199639494656,1245,3991
742150209887731712,1398,4710
741793263812808706,1384,4212
741743634094141440,2496,7544
741438259667034112,746,3411
741303864243200000,2916,8116
741099773336379392,5014,9206
741067306818797568,2810,8848
740995100998766593,2465,5821
740711788199743490,862,3142
740699697422163968,707,2647
740676976021798912,6208,16796
740373189193256964,12110,32470
740365076218183684,388,2245
740359016048689152,796,3043
740214038584557568,1784,6173
739979191639244800,5375,18474
739932936087216128,986,3749
739844404073074688,786,3520
739623569819336705,1238,3492
739606147276148736,1493,4983
739544079319588864,19232,36428
739485634323156992,2640,6598
739238157791694849,52755,106949
738891149612572673,6,90
738885046782832640,1044,3501
738883359779196928,722,3040
738537504001953792,1393,4696
738402415918125056,739,3006
738184450748633089,1106,3961
738166403467907072,3037,8060
738156290900254721,586,2278
737826014890496000,1602,4831
737800304142471168,3165,9259
737678689543020544,1198,4623
737445876994609152,4051,9428
737322739594330112,733,3315
737310737551491075,6747,13500
736736130620620800,1541,3875
736392552031657984,6646,16311
736365877722001409,1114,3669
736225175608430592,2545,7482
736010884653420544,2700,7242
735991953473572864,1036,3298
735648611367784448,1012,3726
735635087207878657,2137,5658
735274964362878976,4541,12022
735256018284875776,802,3058
735137028879360001,882,2877
734912297295085568,472,2542
734787690684657664,5753,11546
734776360183431168,489,2324
734559631394082816,354,1377
733828123016450049,716,3297
733822306246479872,925,3386
733482008106668032,853,2876
733460102733135873,1137,3864
733109485275860992,15487,49281
732732193018155009,482,2224
732726085725589504,798,3291
732585889486888962,713,3349
732375214819057664,2282,7414
732005617171337216,4869,13676
731285275100512256,901,3217
731156023742988288,1142,3542
730924654643314689,1785,5629
730573383004487680,1912,4450
730427201120833536,939,3199
730211855403241472,958,3487
730196704625098752,1704,4436
729854734790754305,1016,3713
729838605770891264,338,1601
729823566028484608,1124,3645
729463711119904772,2090,5319
729113531270991872,288,1737
728986383096946689,739,2882
728760639972315136,1542,4287
728751179681943552,615,2540
728653952833728512,947,3056
728409960103686147,1822,4495
728387165835677696,877,3422
728046963732717569,1085,3931
728035342121635841,1512,4159
728015554473250816,991,3783
727685679342333952,576,2726
727644517743104000,1587,5375
727524757080539137,1086,4105
727314416056803329,673,3062
727286334147182592,746,2822
727175381690781696,1245,3589
727155742655025152,1199,3323
726935089318363137,2204,6292
726887082820554753,1370,3529
726828223124897792,919,3304
726224900189511680,1045,4076
725842289046749185,2418,6518
725786712245440512,1246,3841
725729321944506368,1608,4791
725458796924002305,557,1301
724983749226668032,1170,3440
724771698126512129,568,2151
724405726123311104,1512,4865
724049859469295616,1619,3971
724046343203856385,513,2456
724004602748780546,1392,3833
723912936180330496,1126,3586
723688335806480385,2644,7040
723673163800948736,816,2786
723179728551723008,1691,4855
722974582966214656,1435,3757
722613351520608256,1494,4576
721503162398597120,1647,4222
721001180231503872,551,2341
720785406564900865,700,2855
720775346191278080,568,2252
720415127506415616,1360,3786
720389942216527872,2262,5866
720340705894408192,878,2620
720059472081784833,1021,3549
720043174954147842,1819,4569
719991154352222208,1595,4481
719704490224398336,1299,4177
719551379208073216,1712,4643
719367763014393856,690,2599
719339463458033665,1121,4090
719332531645071360,858,3180
718971898235854848,986,3206
718939241951195136,1586,4797
718631497683582976,7230,17325
718613305783398402,430,2257
718540630683709445,923,2249
718460005985447936,476,2502
718454725339934721,1380,4506
718246886998687744,447,1762
718234618122661888,913,3561
717841801130979328,544,2274
717790033953034240,989,2634
717537687239008257,1663,5310
717428917016076293,408,1477
717421804990701568,759,2891
717047459982213120,1739,5800
717009362452090881,869,2982
716802964044845056,1050,3959
716791146589110272,1459,7742
716730379797970944,397,1133
716447146686459905,5310,11992
716439118184652801,190,2199
716285507865542656,967,2550
716080869887381504,1706,6247
715928423106027520,795,2933
715758151270801409,1286,3414
715733265223708672,1530,4282
715704790270025728,514,2560
715696743237730304,1166,3613
715680795826982913,1444,3961
715360349751484417,1410,5036
715342466308784130,625,2793
715220193576927233,589,2213
715200624753819648,1685,4752
715009755312439296,1107,3821
714982300363173890,935,3429
714962719905021952,3836,6748
714957620017307648,1282,3812
714631576617938945,898,3016
714606013974974464,831,3344
714485234495041536,1010,2453
714258258790387713,670,2817
714251586676113411,761,3026
714214115368108032,799,2113
714141408463036416,1279,4005
713919462244790272,723,3042
713909862279876608,485,1747
713900603437621249,664,2615
713761197720473600,1243,4460
713411074226274305,1187,4090
713177543487135744,2594,6649
713175907180089344,1333,4081
712809025985978368,6086,17527
712717840512598017,4512,11316
712668654853337088,1101,3818
712438159032893441,1421,4903
712309440758808576,24,223
712097430750289920,935,3461
712092745624633345,814,2706
712085617388212225,434,3016
712065007010385924,570,2074
711998809858043904,122,0
711968124745228288,2093,7414
711743778164514816,907,2619
711732680602345472,3696,8071
711694788429553666,16625,30252
711652651650457602,820,3540
711363825979756544,1018,3323
711306686208872448,679,3046
711008018775851008,559,2741
710997087345876993,1261,4213
710844581445812225,612,2352
710833117892898816,475,2462
710658690886586372,513,2138
710609963652087808,2155,4427
710588934686908417,1700,4167
710296729921429505,670,2198
710283270106132480,481,1995
710272297844797440,1142,4145
710269109699739648,1018,2199
710153181850935296,813,2680
710140971284037632,802,2516
710117014656950272,1781,5025
709918798883774466,995,3228
709901256215666688,92,608
709852847387627521,1092,3236
709566166965075968,1072,3250
709556954897764353,975,3022
709519240576036864,219,1384
709449600415961088,517,2024
709409458133323776,617,2425
709225125749587968,521,2202
709207347839836162,5180,11405
709198395643068416,590,2264
709179584944730112,609,1850
709158332880297985,365,1874
709042156699303936,1479,4330
708853462201716736,593,1668
708845821941387268,805,2742
708834316713893888,449,1550
708810915978854401,6252,15211
708738143638450176,741,2541
708711088997666817,639,2332
708479650088034305,618,2341
708469915515297792,731,2853
708400866336894977,9063,14673
708356463048204288,1199,3304
708349470027751425,677,2186
708149363256774660,1413,3988
708130923141795840,785,3094
708119489313951744,897,2478
708109389455101952,502,1801
708026248782585858,1752,4067
707995814724026368,1015,2869
707983188426153984,2,45
707969809498152960,868,2485
707776935007539200,874,3011
707741517457260545,556,2291
707738799544082433,2200,3732
707693576495472641,916,3120
707629649552134146,785,2352
707610948723478529,5722,15598
707420581654872064,633,2071
707411934438625280,545,2118
707387676719185920,1149,3217
707377100785885184,977,3007
707315916783140866,578,2285
707297311098011648,711,2581
707059547140169728,619,2400
707038192327901184,718,2014
707021089608753152,1225,3725
707014260413456384,542,2107
706904523814649856,7118,13416
706901761596989440,524,1879
706681918348251136,894,3023
706644897839910912,985,2338
706593038911545345,582,1982
706538006853918722,1289,3184
706516534877929472,931,2871
706346369204748288,843,3172
706310011488698368,7129,19517
706291001778950144,438,1565
706265994973601792,850,2516
706169069255446529,2003,3582
706166467411222528,1452,4719
706153300320784384,345,1355
705975130514706432,665,2861
705970349788291072,797,2920
705898680587526145,495,2184
705786532653883392,467,1793
705591895322394625,1030,2909
705475953783398401,827,2742
705442520700944385,1460,4064
705428427625635840,1518,3509
705239209544720384,676,2769
705223444686888960,714,2373
705102439679201280,475,1961
705066031337840642,556,2009
704871453724954624,1016,3962
704859558691414016,477,2074
704847917308362754,1366,4698
704819833553219584,896,2443
704761120771465216,2625,6135
704499785726889984,904,2657
704491224099647488,71,691
704480331685040129,980,3149
704364645503647744,3230,7334
704347321748819968,314,1445
704134088924532736,412,1384
704113298707505153,520,1715
704054845121142784,842,2692
703774238772166656,404,1704
703769065844768768,1024,3010
703631701117943808,601,2360
703611486317502464,1383,3540
703425003149250560,1221,3495
703407252292673536,623,2253
703382836347330562,1029,3218
703356393781329922,346,1765
703268521220972544,494,1824
703079050210877440,2801,6808
703041949650034688,11309,24318
702932127499816960,652,2367
702899151802126337,412,1480
702684942141153280,965,2977
702671118226825216,508,2023
702598099714314240,3136,11317
702539513671897089,868,2642
702332542343577600,1388,2928
702321140488925184,953,3026
702276748847800320,695,2278
702217446468493312,1225,4389
701981390485725185,890,3159
701952816642965504,929,3541
701889187134500865,1255,3242
701805642395348998,1506,3117
701601587219795968,416,1927
701570477911896070,839,2576
701545186879471618,550,2450
701214700881756160,4633,11270
700890391244103680,510,2039
700864154249383937,557,2396
700847567345688576,452,2273
700796979434098688,860,2255
700747788515020802,8436,20995
700518061187723268,722,2394
700505138482569216,521,2101
700462010979500032,1624,3789
700167517596164096,655,2430
700151421916807169,608,2055
700143752053182464,2434,6917
700062718104104960,612,2448
700029284593901568,531,1911
700002074055016451,1200,3027
699801817392291840,849,2773
699788877217865730,469,2060
699779630832685056,1109,2501
699775878809702401,539,1806
699691744225525762,4159,9449
699446877801091073,2399,5507
699434518667751424,468,2027
699423671849451520,289,1251
699413908797464576,571,1928
699370870310113280,393,1753
699323444782047232,784,2896
699088579889332224,564,2083
699079609774645248,573,2258
699072405256409088,1079,2715
699060279947165696,1622,3428
699036661657767936,1089,2399
698989035503689728,877,3077
698953797952008193,830,2483
698907974262222848,556,2342
698710712454139905,618,2267
698703483621523456,336,1318
698635131305795584,314,1198
698549713696649216,560,2154
698355670425473025,396,1702
698342080612007937,871,2071
698262614669991936,1797,4392
698195409219559425,5451,15495
698178924120031232,675,2587
697995514407682048,305,1411
697990423684476929,1171,3014
697943111201378304,616,2195
697881462549430272,1055,2782
697630435728322560,498,1598
697616773278015490,923,2890
697596423848730625,1134,2772
697575480820686848,455,1885
697516214579523584,993,1875
697482927769255936,602,2234
697463031882764288,1270,3163
697270446429966336,1716,4342
697259378236399616,902,3042
697255105972801536,1057,2845
697242256848379904,617,2324
696900204696625153,938,2913
696894894812565505,618,2165
696886256886657024,1630,4442
696877980375769088,639,2255
696754882863349760,329,1374
696744641916489729,837,1891
696713835009417216,587,2177
696518437233913856,1567,3633
696490539101908992,127,1135
696488710901260288,928,2309
696405997980676096,1051,2926
696100768806522880,586,1776
695816827381944320,1054,2758
695794761660297217,709,2915
695767669421768709,665,1709
695629776980148225,1895,4201
695446424020918272,1654,4091
695409464418041856,3241,7985
695314793360662529,1299,3334
695095422348574720,550,2452
695074328191332352,994,2613
695064344191721472,529,1479
695051054296211456,717,2430
694925794720792577,818,2492
694905863685980160,835,2531
694669722378485760,13073,33003
694356675654983680,251,1388
694352839993344000,542,1879
694342028726001664,432,1461
694329668942569472,449,1819
694206574471057408,1856,3814
694183373896572928,843,2708
694001791655137281,925,3140
693993230313091072,359,1731
693942351086120961,330,1622
693647888581312512,520,2477
693644216740769793,115,1268
693642232151285760,377,2349
693629975228977152,721,2260
693622659251335168,338,1420
693590843962331137,1779,4656
693582294167244802,223,1516
693486665285931008,567,1626
693280720173801472,1123,3083
693267061318012928,733,2199
693262851218264065,452,2042
693231807727280129,672,2656
693155686491000832,2894,7264
693109034023534592,551,1565
693095443459342336,406,1701
692919143163629568,698,2498
692905862751522816,791,2240
692901601640583168,538,1618
692894228850999298,716,2087
692828166163931137,796,2657
692752401762250755,3302,6279
692568918515392513,1394,4024
692535307825213440,1235,2903
692530551048294401,369,1700
692423280028966913,198,1370
692417313023332352,3136,8656
692187005137076224,747,2331
692158366030913536,719,1973
692142790915014657,355,1508
692041934689402880,1131,3119
692017291282812928,870,2675
691820333922455552,1492,3646
691793053716221953,3825,7474
691756958957883396,886,2600
691675652215414786,460,1795
691483041324204033,501,2197
691459709405118465,1024,3724
691444869282295808,751,2438
691416866452082688,6914,17837
691321916024623104,601,2383
691096613310316544,794,2761
691090071332753408,305,1604
690989312272396288,2613,5448
690959652130045952,1115,3314
690938899477221376,1751,3773
690932576555528194,907,3027
690735892932222976,1154,3500
690728923253055490,465,2003
690690673629138944,749,2149
690649993829576704,249,1200
690607260360429569,14,279
690597161306841088,547,1788
690400367696297985,406,1745
690374419777196032,762,2972
690360449368465409,792,2453
690348396616552449,461,1371
690248561355657216,370,1542
690021994562220032,922,2585
690015576308211712,659,2304
690005060500217858,1535,3387
689999384604450816,329,1305
689993469801164801,406,1349
689977555533848577,410,1268
689905486972461056,623,2257
689877686181715968,1044,2800
689835978131935233,688,2021
689661964914655233,851,2993
689659372465688576,3476,9525
689623661272240129,581,2038
689599056876867584,5020,10760
689557536375177216,404,1896
689517482558820352,1298,3123
689289219123089408,847,2071
689283819090870273,1004,3020
689280876073582592,640,1827
689275259254616065,225,1053
689255633275777024,975,2353
689154315265683456,898,2853
689143371370250240,455,1865
688916208532455424,773,2495
688908934925697024,708,1938
688898160958271489,709,1927
688894073864884227,621,2058
688828561667567616,322,1274
688804835492233216,170,887
688789766343622656,604,2053
688547210804498433,627,2394
688519176466644993,657,2149
688385280030670848,4076,8543
688211956440801280,752,2077
688179443353796608,529,1978
688116655151435777,697,2609
688064179421470721,323,1595
687841446767013888,2251,5009
687826841265172480,1009,2519
687818504314159109,865,2282
687807801670897665,658,2197
687732144991551489,596,1618
687704180304273409,767,2242
687664829264453632,471,1801
687494652870668288,528,1756
687480748861947905,222,1473
687476254459715584,483,1827
687460506001633280,491,1905
687399393394311168,554,1742
687317306314240000,8344,18638
687312378585812992,1730,4007
687127927494963200,2051,4979
687124485711986689,462,2023
687109925361856513,2229,5360
687102708889812993,871,2169
687096057537363968,551,2077
686947101016735744,2900,7966
686760001961103360,1256,3238
686749460672679938,1317,3205
686730991906516992,1089,3804
686683045143953408,732,2609
686618349602762752,1238,3409
686606069955735556,490,1753
686394059078897668,632,1594
686386521809772549,791,3008
686377065986265092,514,2044
686358356425093120,601,1994
686286779679375361,1523,3719
686050296934563840,665,2069
686035780142297088,104,1063
686034024800862208,1038,2849
686007916130873345,364,2279
686003207160610816,563,1677
685973236358713344,477,1936
685943807276412928,536,1499
685906723014619143,2587,6897
685681090388975616,110,1885
685667379192414208,509,2185
685663452032069632,1332,2970
685641971164143616,697,2694
685547936038666240,14108,30346
685532292383666176,1047,2805
685325112850124800,3583,8672
685321586178670592,579,2438
685315239903100929,944,3034
685307451701334016,396,1922
685268753634967552,1073,2837
685198997565345792,589,2136
685169283572338688,1277,3781
684969860808454144,326,2218
684959798585110529,2809,6289
684940049151070208,945,2962
684926975086034944,417,3216
684914660081053696,1321,3219
684902183876321280,465,1717
684880619965411328,724,1923
684830982659280897,19654,32314
684800227459624960,904,2511
684594889858887680,3168,8172
684588130326986752,1277,3807
684567543613382656,1101,2757
684538444857667585,855,2434
684481074559381504,1069,3566
684460069371654144,503,1811
684241637099323392,2949,7478
684225744407494656,183,1147
684222868335505415,1240,3516
684200372118904832,945,1978
684195085588783105,456,1758
684188786104872960,1049,3220
684177701129875456,592,1864
684147889187209216,1369,2740
684122891630342144,426,1862
684097758874210310,1299,3786
683857920510050305,1020,3513
683852578183077888,316,1791
683849932751646720,851,2408
683834909291606017,1020,2408
683828599284170753,971,2582
683773439333797890,1218,3069
683742671509258241,2999,5972
683515932363329536,2614,6786
683498322573824003,872,2929
683481228088049664,902,2443
683462770029932544,620,2242
683449695444799489,1456,3575
683391852557561860,2178,7041
683357973142474752,823,2667
683142553609318400,935,2641
683111407806746624,816,3135
683098815881154561,588,1994
683078886620553216,519,1852
683030066213818368,668,1995
682962037429899265,14865,33736
682808988178739200,154,1625
682788441537560576,1017,2281
682750546109968385,398,1399
682697186228989953,333,1211
682662431982772225,988,2811
682638830361513985,535,1904
682429480204398592,1044,3175
682406705142087680,1585,6959
682393905736888321,595,2069
682389078323662849,424,1537
682303737705140231,884,2817
682259524040966145,1078,3807
682242692827447297,1039,2967
682088079302213632,8876,16757
682059653698686977,1526,4540
682047327939461121,848,2953
682032003584274432,1791,6044
682003177596559360,1367,2860
681981167097122816,920,2593
681891461017812993,746,2272
681694085539872773,3687,11794
681679526984871937,399,1632
681654059175129088,819,2415
681610798867845120,417,1727
681579835668455424,1177,3247
681523177663676416,5199,13149
681340665377193984,246,1518
681339448655802368,3702,8551
681320187870711809,671,2403
681302363064414209,1620,3588
681297372102656000,855,2955
681281657291280384,994,2960
681261549936340994,236,1335
681242418453299201,470,1359
681231109724700672,438,2239
681193455364796417,1330,3407
680970795137544192,584,2204
680959110691590145,1820,4208
680940246314430465,935,2918
680934982542561280,393,1912
680913438424612864,562,2209
680889648562991104,324,1607
680836378243002368,1184,3182
680805554198020098,607,1972
680801747103793152,740,2185
680798457301471234,937,2601
680609293079592961,625,2410
680583894916304897,1189,3299
680497766108381184,1732,3882
680494726643068929,439,1571
680473011644985345,672,2341
680440374763077632,442,1324
680221482581123072,261,1355
680206703334408192,1046,2583
680191257256136705,442,1976
680176173301628928,1394,3556
680161097740095489,670,2130
680145970311643136,1559,3314
680130881361686529,857,2109
680115823365742593,825,2496
680100725817409536,1247,3299
680085611152338944,8136,11725
680070545539371008,774,2382
680070545539371008,774,2382
679877062409191424,578,1794
679872969355714560,597,2008
679862121895714818,555,2248
679854723806179328,1099,2609
679844490799091713,687,2189
679828447187857408,12565,33092
679777920601223168,996,2858
679736210798047232,715,1911
679729593985699840,748,1992
679722016581222400,425,1536
679530280114372609,1882,4362
679527802031484928,652,2415
679511351870550016,1146,3066
679503373272485890,1334,2905
679475951516934144,583,1922
679462823135686656,16975,29361
679405845277462528,1073,2160
679158373988876288,7229,19394
679148763231985668,923,2549
679132435750195208,1036,2702
679111216690831360,2310,5428
679062614270468097,7194,15468
679047485189439488,586,2056
679001094530465792,1094,2598
678991772295516161,1017,2069
678969228704284672,409,1498
678800283649069056,820,2354
678798276842360832,1028,3154
678774928607469569,820,2572
678767140346941444,1223,3216
678764513869611008,414,1479
678755239630127104,2923,6464
678740035362037760,1485,3386
678708137298427904,2183,5113
678675843183484930,1318,2598
678643457146150913,360,1874
678446151570427904,1373,3650
678424312106393600,2274,4990
678410210315247616,1610,3822
678399652199309312,28507,73308
678396796259975168,374,1446
678389028614488064,382,1711
678380236862578688,822,2236
678341075375947776,473,1568
678334497360859136,224,1181
678278586130948096,5489,10400
678255464182861824,328,1448
678023323247357953,341,1740
678021115718029313,5622,12358
677961670166224897,1522,3130
677918531514703872,364,1219
677895101218201600,1841,4388
677716515794329600,875,2783
677700003327029250,1291,3112
677698403548192770,287,1115
677687604918272002,755,2253
677673981332312066,1348,3034
677662372920729601,842,1773
677644091929329666,727,1712
677573743309385728,599,1939
677565715327688705,411,1188
677557565589463040,1015,2214
677547928504967168,3289,6311
677530072887205888,204,966
677335745548390400,1547,2756
677334615166730240,251,1225
677331501395156992,209,987
677328882937298944,1343,3327
677314812125323265,471,1499
677301033169788928,354,1109
677269281705472000,634,1797
677228873407442944,1466,3206
677187300187611136,810,2486
676975532580409345,950,2524
676957860086095872,719,2023
676949632774234114,348,1186
676948236477857792,773,1956
676946864479084545,326,1576
676942428000112642,666,1870
676936541936185344,4425,11593
676916996760600576,1612,2692
676897532954456065,649,2053
676864501615042560,626,1892
676821958043033607,13758,20681
676819651066732545,602,1657
676811746707918848,379,1305
676776431406465024,1804,4516
676617503762681856,854,2617
676613908052996102,176,983
676606785097199616,386,1719
676603393314578432,340,1036
676593408224403456,1886,4127
676590572941893632,110,838
676588346097852417,700,2080
676582956622721024,251,1076
676575501977128964,988,2331
676533798876651520,489,1697
676496375194980353,471,1373
676470639084101634,4176,10571
676440007570247681,588,1561
676430933382295552,302,1262
676263575653122048,484,1895
676237365392908289,251,1091
676219687039057920,27711,70787
676215927814406144,516,1572
676191832485810177,917,2054
676146341966438401,586,1751
676121918416756736,1026,1964
676101918813499392,1050,2577
676098748976615425,1246,2676
676089483918516224,390,1183
675898130735476737,506,1448
675891555769696257,764,1925
675888385639251968,841,2113
675878199931371520,1238,3781
675870721063669760,498,1469
675853064436391936,1132,2423
675849018447167488,123,866
675845657354215424,778,2047
675822767435051008,475,1387
675820929667219457,206,958
675798442703122432,3042,9299
675781562965868544,419,1458
675740360753160193,295,1059
675710890956750848,717,1688
675707330206547968,598,1784
675706639471788032,85,582
675534494439489536,361,1661
675531475945709568,330,1063
675522403582218240,248,941
675517828909424640,407,1148
675501075957489664,5214,15541
675497103322386432,1132,2820
675489971617296384,526,1151
675483430902214656,854,1665
675432746517426176,502,1361
675372240448454658,455,1527
675362609739206656,193,941
675354435921575936,14874,29425
675349384339542016,1998,3523
675334060156301312,1131,2484
675166823650848770,1385,3173
675153376133427200,2259,5589
675149409102012420,1497,3351
675147105808306176,199,843
675146535592706048,257,1051
675145476954566656,780,1914
675135153782571009,411,1164
675113801096802304,686,1737
675111688094527488,213,869
675109292475830276,997,2513
675047298674663426,275,931
675015141583413248,1042,2416
675006312288268288,201,879
675003128568291329,406,1391
674999807681908736,953,1996
674805413498527744,318,761
674800520222154752,748,2694
674793399141146624,951,2221
674790488185167872,219,983
674788554665512960,181,719
674781762103414784,1045,1802
674774481756377088,408,987
674767892831932416,690,1630
674764817387900928,200,700
674754018082705410,383,1229
674752233200820224,401,1308
674743008475090944,465,1260
674742531037511680,44,432
674739953134403584,325,967
674737130913071104,80,580
674690135443775488,412,1026
674670581682434048,565,1449
674664755118911488,205,814
674646392044941312,430,1281
674644256330530816,241,928
674638615994089473,509,1517
674632714662858753,501,1343
674606911342424069,86,841
674468880899788800,1777,5555
674447403907457024,314,952
674436901579923456,344,989
674422304705744896,465,1281
674416750885273600,116,613
674410619106390016,400,1068
674394782723014656,487,1333
674372068062928900,280,769
674330906434379776,65,504
674318007229923329,449,1251
674307341513269249,6030,10121
674291837063053312,5136,13172
674271431610523648,645,1393
674269164442398721,202,824
674265582246694913,730,1458
674262580978937856,384,1177
674255168825880576,465,1300
674082852460433408,144,681
674075285688614912,246,887
674063288070742018,1909,5720
674053186244734976,1128,2945
674051556661161984,431,1292
674045139690631169,565,1266
674042553264685056,110,634
674038233588723717,366,974
674036086168010753,181,757
674024893172875264,1086,1586
674019345211760640,264,1013
674014384960745472,560,1387
674008982932058114,300,1080
673956914389192708,837,1749
673919437611909120,326,1056
673906403526995968,1429,2841
673887867907739649,221,838
673716320723169284,669,2785
673715861853720576,1809,3163
673711475735838725,265,938
673709992831262724,236,751
673708611235921920,254,951
673707060090052608,346,987
673705679337693185,359,1123
673700254269775872,500,1280
673697980713705472,1692,3506
673689733134946305,569,1535
673688752737402881,439,1126
673686845050527744,377,1274
673680198160809984,416,1226
673662677122719744,328,1125
673656262056419329,198,650
673636718965334016,307,993
673612854080196609,630,1421
673583129559498752,313,1063
673580926094458881,238,737
673576835670777856,486,1228
673363615379013632,267,928
673359818736984064,592,1287
673355879178194945,493,1338
673352124999274496,473,1490
673350198937153538,185,682
673345638550134785,1101,2225
673343217010679808,235,852
673342308415348736,492,1128
673320132811366400,6872,11936
673317986296586240,216,781
673295268553605120,2746,6711
673270968295534593,312,954
673240798075449344,615,1275
673213039743795200,723,1966
673148804208660480,548,1487
672997845381865473,631,1750
672995267319328768,252,845
672988786805112832,254,874
672984142909456390,470,1114
672980819271634944,889,1624
672975131468300288,780,1498
672970152493887488,303,835
672968025906282496,470,1180
672964561327235073,557,1260
672902681409806336,423,1230
672898206762672129,363,790
672884426393653248,727,1364
672877615439593473,301,907
672834301050937345,503,1151
672828477930868736,419,1108
672640509974827008,270,873
672622327801233409,422,1145
672614745925664768,510,1086
672609152938721280,338,968
672604026190569472,336,967
672594978741354496,529,1177
672591762242805761,285,839
672591271085670400,157,641
672538107540070400,317,899
672523490734551040,146,552
672488522314567680,371,990
672482722825261057,518,990
672481316919734272,110,639
672475084225949696,606,1293
672466075045466113,447,1191
672272411274932228,2926,5704
672267570918129665,535,1313
672264251789176834,287,1010
672256522047614977,1327,2510
672254177670729728,650,1275
672248013293752320,522,1531
672245253877968896,132,607
672239279297454080,276,803
672231046314901505,876,1620
672222792075620352,176,699
672205392827572224,1007,1986
672169685991993344,319,909
672160042234327040,304,766
672139350159835138,595,1543
672125275208069120,989,2115
672095186491711488,328,877
672082170312290304,319,835
672068090318987265,439,1132
671896809300709376,3674,7605
671891728106971137,483,1171
671882082306625538,1208,3100
671879137494245376,572,1249
671874878652489728,478,1104
671866342182637568,418,994
671855973984772097,372,791
671789708968640512,2997,6309
671768281401958400,434,1048
671763349865160704,774,1492
671744970634719232,663,1205
671743150407421952,201,674
671735591348891648,653,1286
671729906628341761,3794,7486
671561002136281088,6312,11377
671550332464455680,183,809
671547767500775424,497,1203
671544874165002241,888,1723
671542985629241344,484,966
671538301157904385,334,837
671536543010570240,343,1034
671533943490011136,494,896
671528761649688577,216,737
671520732782923777,454,1217
671518598289059840,252,830
671511350426865664,605,1425
671504605491109889,3118,6230
671497587707535361,389,823
671488513339211776,414,884
671486386088865792,173,509
671485057807351808,195,679
671390180817915904,652,1281
671362598324076544,257,974
671357843010908160,133,351
671355857343524864,104,420
671347597085433856,370,834
671186162933985280,176,641
671182547775299584,283,978
671166507850801152,301,780
671163268581498880,965,1457
671159727754231808,68,314
671154572044468225,186,625
671151324042559489,128,588
671147085991960577,192,583
671141549288370177,569,1020
671138694582165504,340,821
671134062904504320,162,653
671122204919246848,2183,3082
671115716440031232,670,1214
671109016219725825,377,1005
670995969505435648,243,967
670842764863651840,7565,22035
670840546554966016,166,524
670838202509447168,598,983
670833812859932673,109,382
670832455012716544,184,647
670826280409919488,3499,4859
670823764196741120,160,674
670822709593571328,83,544
670815497391357952,1316,2776
670811965569282048,230,983
670807719151067136,425,1052
670804601705242624,818,1737
670803562457407488,77,300
670797304698376195,203,659
670792680469889025,237,732
670789397210615808,210,583
670786190031921152,170,527
670783437142401025,330,722
670782429121134593,656,1347
670780561024270336,249,701
670778058496974848,62,297
670764103623966721,371,956
670755717859713024,87,392
670733412878163972,446,848
670727704916926465,312,736
670717338665226240,417,1053
670704688707301377,318,686
670691627984359425,209,518
670679630144274432,241,663
670676092097810432,35,214
670668383499735048,4310,9450
670474236058800128,631,1335
670468609693655041,77,314
670465786746662913,467,854
670452855871037440,174,489
670449342516494336,568,1074
670444955656130560,1742,6050
670442337873600512,175,579
670435821946826752,437,938
670434127938719744,561,1255
670433248821026816,100,296
670428280563085312,521,1231
670427002554466305,142,462
670421925039075328,550,1143
670420569653809152,265,538
670417414769758208,280,501
670411370698022913,767,1790
670408998013820928,187,483
670403879788544000,128,377
670385711116361728,173,490
670374371102445568,238,668
670361874861563904,55,288
670338931251150849,96,373
670319130621435904,1066,3470
670303360680108032,107,382
670290420111441920,249,622
670093938074779648,276,907
670086499208155136,218,620
670079681849372674,1056,1957
670073503555706880,677,1385
670069087419133954,205,550
670061506722140161,290,664
670055038660800512,279,592
670046952931721218,151,575
670040295598354432,96,657
670037189829525505,240,527
670003130994700288,77,296
669993076832759809,70,284
669972011175813120,133,393
669970042633789440,43,271
669942763794931712,132,444
669926384437997569,81,338
669923323644657664,50,202
669753178989142016,340,708
669749430875258880,55,225
669684865554620416,74,445
669683899023405056,94,338
669682095984410625,116,311
669680153564442624,243,585
669661792646373376,366,714
669625907762618368,1565,3114
669603084620980224,316,841
669597912108789760,131,447
669583744538451968,801,1315
669573570759163904,120,388
669571471778410496,879,1406
669567591774625800,45,202
669564461267722241,104,336
669393256313184256,62,312
669375718304980992,627,1175
669371483794317312,148,436
669367896104181761,130,405
669363888236994561,201,558
669359674819481600,103,330
669354382627049472,1093,2382
669353438988365824,227,563
669351434509529089,154,377
669328503091937280,367,904
669327207240699904,102,498
669324657376567296,182,438
669216679721873412,346,1055
669214165781868544,135,385
669203728096960512,407,888
669037058363662336,265,571
669015743032369152,323,648
669006782128353280,209,510
669000397445533696,5515,18657
668994913074286592,191,390
668992363537309700,292,658
668989615043424256,288,594
668988183816871936,389,798
668986018524233728,140,479
668981893510119424,259,481
668979806671884288,293,702
668975677807423489,495,1155
668967877119254528,18,127
668960084974809088,210,618
668955713004314625,63,241
668932921458302977,50,227
668902994700836864,87,276
668892474547511297,126,355
668872652652679168,268,475
668852170888998912,139,409
668826086256599040,112,382
668815180734689280,225,494
668779399630725120,325,626
668655139528511488,189,470
668645506898350081,457,773
668643542311546881,447,782
668641109086707712,466,943
668636665813057536,435,917
668633411083464705,1380,2460
668631377374486528,280,617
668627278264475648,97,281
668625577880875008,112,329
668623201287675904,653,1245
668620235289837568,35,181
668614819948453888,272,544
668587383441514497,917,1472
668567822092664832,46,206
668544745690562560,197,451
668542336805281792,182,402
668537837512433665,61,226
668528771708952576,189,402
668507509523615744,87,279
668496999348633600,114,359
668484198282485761,207,372
668480044826800133,127,397
668466899341221888,440,768
668297328638447616,255,556
668291999406125056,28,213
668286279830867968,117,434
668274247790391296,197,720
668268907921326080,206,483
668256321989451776,516,1148
668248472370458624,407,839
668237644992782336,2419,5436
668226093875376128,85,247
668221241640230912,169,450
668204964695683073,172,488
668190681446379520,170,575
668171859951755264,162,425
668154635664932864,273,438
668142349051129856,238,509
668113020489474048,207,581
667937095915278337,691,1114
667924896115245057,95,263
667915453470232577,46,184
667911425562669056,245,430
667902449697558528,334,754
667886921285246976,906,1644
667885044254572545,398,728
667878741721415682,101,348
667873844930215936,340,549
667866724293877760,900,2711
667861340749471744,69,221
667832474953625600,54,255
667806454573760512,417,928
667801013445750784,81,282
667793409583771648,286,607
667782464991965184,211,363
667773195014021121,44,204
667766675769573376,185,372
667728196545200128,126,325
667724302356258817,268,424
667550904950915073,28,0
667550882905632768,25,0
667549055577362432,1948,5098
667546741521195010,106,303
667544320556335104,458,761
667538891197542400,58,175
667534815156183040,444,716
667530908589760512,206,412
667524857454854144,965,1498
667517642048163840,165,332
667509364010450944,1861,6049
667502640335572993,193,485
667495797102141441,231,459
667491009379606528,189,458
667470559035432960,85,225
667455448082227200,53,171
667453023279554560,74,279
667443425659232256,486,681
667437278097252352,197,396
667435689202614272,76,266
667405339315146752,196,409
667393430834667520,50,168
667369227918143488,144,328
667211855547486208,209,426
667200525029539841,227,544
667192066997374976,86,331
667188689915760640,330,642
667182792070062081,5261,12522
667177989038297088,48,166
667176164155375616,386,524
667174963120574464,70,218
667171260800061440,72,186
667165590075940865,968,2377
667160273090932737,50,219
667152164079423490,14582,42181
667138269671505920,1867,4003
667119796878725120,106,283
667090893657276420,105,287
667073648344346624,104,351
667070482143944705,13,72
667065535570550784,40,143
667062181243039745,45,191
667044094246576128,43,163
667012601033924608,186,394
666996132027977728,79,212
666983947667116034,845,2248
666837028449972224,467,700
666835007768551424,65,183
666826780179869698,79,219
666817836334096384,209,442
666804364988780544,78,205
666786068205871104,409,656
666781792255496192,168,326
666776908487630848,148,304
666739327293083650,59,206
666701168228331520,182,371
666691418707132416,42,159
666649482315059201,524,991
666644823164719104,69,208
666454714377183233,179,447
666447344410484738,19,90
666437273139982337,40,106
666435652385423360,42,136
666430724426358785,160,277
666428276349472768,67,139
666421158376562688,91,272
666418789513326592,39,107
666411507551481857,262,370
666407126856765440,30,93
666396247373291520,68,147
666373753744588802,73,163
666362758909284353,468,649
666353288456101888,56,179
666345417576210432,122,243
666337882303524864,79,168
666293911632134144,289,426
666287406224695296,56,123
666273097616637952,66,151
666268910803644416,38,98
666104133288665088,5470,12859
666102155909144576,11,66
666099513787052032,53,133
666094000022159362,63,141
666082916733198337,37,92
666073100786774016,130,274
666071193221509120,51,127
666063827256086533,180,396
666058600524156928,47,99
666057090499244032,112,247
666055525042405380,196,366
666051853826850816,700,1025
666050758794694657,50,115
666049248165822465,36,88
666044226329800704,115,246
666033412701032449,36,100
666029285002620928,39,112
666020888022790149,422,2286